加,加虐
佳,佳妓
佳,佳壻
佳,佳婿
佳,佳宵
佳,佳饌
佳,佳肴
佳,佳姬
家,彫刻家
假,假扮
假,仮名
暇,汨沒無暇
歌,謳歌
價,多價函數
角,角礫
角,角膜
角,角閃石
角,角抵塚
角,俯角
角,函數
角,鼠忌羊頭角
脚,脚絆
脚,橈脚類
閣,奎章閣
閣,鐘閣
覺,覺醒
覺,幻覺
覺,嗅覺
干,干潟地
肝,肝癌
看,看穗
看,看做
看,歇看
間,間諜
間,間歇
間,股間
間,馬廏間
間,鼎廚間
簡,簡牘
簡,簡札
甘,甘棠
甘,甘藷
甘,甘苔
減,減俸
減,減產
減,蕩減
甲,甲狀腺
甲,甲冑
剛,剛勁
剛,剛弩
剛,剛幡
剛,剛鸚鵡
剛,金剛杵
強,強酸
強,強靭
強,頑強
講,講籤
介,紹介
改,改嫁
改,改撰
改,改竄
改,改札口
改,拔萃
皆,皆旣蝕
皆,皆旣月蝕
皆,皆旣日蝕
開,開墾
開,開闢
慨,慨嘆
蓋,蓋碗
蓋,齒莖口蓋音
蓋,膝蓋骨
槪,槪括
去,撤去
巨,巨軀
巨,巨匠
拒,拒斧
居,寓居
居,蟄居
據,憑據
擧,擧帆
建,建艦
健,健勁
健,健啖
健,健牟羅
健,健爽
健,健羨
健,健腕
健,健捷
健,勁健
健,猛健副尉
健,穩健
健,伉健
乾,乾柿
乾,乾葡萄
乾,乾烹鷄
乞,乞丐
乞,乞粒
乞,豐乞
劍,劍塚
劍,按劍
儉,儉吝
檢,剖檢
隔,隔膜
隔,隔絕
隔,隔阻
激,激忿
激,激昂
激,激盪
擊,擊毬
擊,擊墜
擊,邀擊
擊,狙擊
犬,愛玩犬
見,見黜
堅,堅强
堅,堅牢
遣,遣悶
遣,遣隋使
遣,遣奠
決,決雌雄
缺,缺乏
缺,欠缺
結,結縛
結,結繩
結,紅斑
結,結晶
結,締結
潔,潔癖
潔,潔齋
潔,潔淸齋
潔,潔馨
潔,耿潔
潔,皎潔
潔,外潔內粗
潔,禋潔
潔,齋潔
潔,澡潔
潔,峻潔
潔,馨潔
兼,兼銜
謙,謙遜
更,更迭
京,京洛
徑,捷徑
耕,耕耘機
敬,敬虔
敬,石敬塘
敬,欽敬
傾,傾仄
輕,輕勘
輕,輕蔑
輕,輕粒子
境,疆境
境,窘境
境,魔境
境,夢幻境
境,藩境
境,梵境
境,僻境
境,鄰境
境,塵境
境,闔境
境,恍惚境
慶,慶応
鏡,呵鏡
鏡,鏡匣
鏡,鏡誡
鏡,鏡塘
鏡,鏡潭
鏡,鏡帒
鏡,鏡胴
鏡,鏡幡甲
鏡,鏡匠
鏡,矩鏡
鏡,稜鏡
鏡,多紐細線文鏡
鏡,膀胱鏡
鏡,瑞光鏡
鏡,鑷鏡
鏡,宋鏡
鏡,宋元鏡
鏡,匳鏡
鏡,倭鏡
鏡,凹鏡
鏡,尿道鏡
鏡,瑤池鏡
鏡,藻鏡
鏡,膣鏡
鏡,鞦韆鏡
鏡,沖鏡
鏡,喉頭鏡
競,競艇
驚,驚愕
系,中樞神經系
戒,戒盈杯
季,季嫂
界,疆界
界,魔界
界,法曹界
計,心搏計
計,粘度計
桂,桂坊
啓,啓殯
啓,啓迪
啓,啓蟄
啓,驚蟄
階,階梯
溪,曹溪宗
鷄,鷄巴
鷄,鷄絲麪
鷄,乾烹鷄
鷄,辣子鶏
鷄,蔘鷄湯
鷄,油淋鷄
鷄,鶬鷄
古,古迹
告,誣告
告,訃告
固,鞏固
固,頑固
姑,姑舅
姑,姑媳
姑,姑婆
姑,舅姑
姑,金僕姑
姑,箕姑
姑,達姑狄
姑,談婆姑
姑,勃姑
姑,師姑秔
姑,鼠姑
姑,尼姑
苦,苦悶
苦,苦楚
苦,苦衷
枯,枯槁
枯,枯白礬
枯,枯凋
枯,枯焦日
枯,枯卉
高,高粱
高,高齡
高,高邁
庫,庫紗
庫,庫曹
庫,義盈庫
庫,饌庫
鼓,鼓膜
曲,譚詩曲
曲,遁走曲
曲,聖譚曲
曲,函數
曲,婉曲
曲,歪曲
曲,幻想
曲,戱曲
谷,峽谷
骨,骨骼
骨,骨董飯
骨,骨董品
骨,骨髓
骨,膝蓋骨
骨,骸骨
工,砂工
工,竣工
孔,孔雀
孔,瞳孔
孔,穿孔
功,功勳
共,共匪
攻,攻駁
攻,挾攻
空,空隙
恐,恐喝
恐,恐怖
恐,恐慌
恐,惶恐
恭,恭遜
果,果汁
科,泌尿醫學科
科,倂科
過,過剩
過,擦過傷
誇,矜誇
官,官衙
官,官邸
官,宦官
冠,戴冠式
冠,冕旒冠
管,管轄
館,白堊館
關,關鍵
關,關彌城
光,光纖維
光,閃光
狂,狂癲
狂,癲狂
狂,猖狂
廣,廣闊
鑛,鑛坑
鑛,鎔鑛爐
鑛,磁鐵鑛
掛,我掛住你
怪,妖怪
塊,痰塊
塊,粘塊
塊,泡塊
壞,朽壞
交,交叉
校,校勘
校,黜校
敎,敎唆
敎,敎旨
敎,敎鞭
敎,大倧敎
橋,溝橋
橋,烏鵲橋
橋,棧橋
橋,搭乘橋
矯,矯枉
九,九尾狐
九,四十九齋
九,洪範九疇
丘,比丘尼
丘,圜丘壇
求,誅求
狗,狗膽
狗,狗醬
拘,拘拿
拘,拘攣
拘,拘礙
苟,艱苟
苟,苟艱
苟,苟菴
苟,苟偸
球,籠球
球,撞球
球,美式蹴球
球,蹴球
球,魔球
球,好酸球
救,救贖
救,救蝕
救,救恤
構,宏構
構,構誣
構,搆草
構,讒構
舊,舊型
懼,懼懣
懼,懼庵
懼,懼喘
懼,兢懼
懼,悼懼
懼,悚懼
懼,猜懼
懼,聳懼
懼,嗟懼
懼,惕懼
懼,洶懼
國,强大國
國,國璽
國,國粹主義
菊,至菊悤
軍,傀儡軍
軍,軍艦
軍,軍銜
軍,軍靴
軍,戍軍
軍,陞戶軍
軍,撤軍
群,冪零群
宮,宮闕
宮,宮内省
宮,宮繡
宮,宮庄
宮,宮牆
宮,宮趾
宮,宮綃
宮,宮閤
宮,奴僕宮
宮,泮宮
宮,梵宮
宮,閟宮
宮,嬪宮
宮,殯宮
宮,水晶宮
宮,稤宮
宮,巨蠏宮
宮,獅子宮
宮,天秤宮
宮,天蠍宮
宮,磨羯宮
宮,磨蝎宮
宮,寶甁宮
宮,鴦宮
宮,如縛宮獐
宮,蕊宮
宮,王太后宮
宮,王后宮
宮,琉璃宮
宮,毓祥宮
宮,离宮
宮,畸形
宮,梓宮
宮,齋宮
宮,榟宮
宮,財帛宮
宮,儲宮
宮,邸宮
宮,瀦宮汚宅
宮,漢宮棋子
宮,闔宮
宮,皇后宮
窮,窮寇
窮,窮僻
窮,窮乏
卷,軍艦巻
卷,卷帙
卷,海苔巻
卷,渦巻
拳,跆拳道
勸,勸奬
權,覇權
軌,狹軌
鬼,魔鬼
龜,龜旨歌
龜,龜甲縛
龜,龜州大捷
歸,歸壘
歸,歸巢
糾,糾繩
糾,糾纏
糾,糾飭
規,規矩
菌,乳酸菌
菌,炭疽菌
菌,杆菌
菌,菌傘
菌,栓症
極,宸極
根,葛根
根,根莖
僅,僅蹄類
謹,恪謹
謹,謹慤
謹,謹詢
今,今宵
今,尼師今
金,金箔
金,金融
金,鍍金
金,賻儀金
金,秘資金
金,冶金
金,奬學金
金,褒償金
琴,伽倻琴
琴,竪琴
琴,鐵弦琴
禁,禁錮
錦,角枕粲錦禽爛
及,遡及
及,埃及
急,遑急
給,俸給
肯,肯尼亞
肯,肯綮
汽,汽罐
汽,汽艇
汽,汽筒
技,技倆
忌,猜忌
忌,忌憚
奇,奇蹄類
奇,奇函數
祈,祈禱
祈,祈快癒
祈,禱祈
紀,三疊紀
紀,二疊紀
氣,疳氣
氣,氣魄
氣,雰圍氣
氣,蜃氣樓
氣,鑊氣
氣,磁氣
氣,覇氣
氣,狐氣
起,蹶起
起,起牀
起,勃起
起,惹起
起,喚起
飢,飢饉
飢,療飢
寄,寄齋
寄,寄託
期,瓜期
期,杖期
期,晩期
棄,抛棄
欺,欺瞞
旗,旗幟
旗,儀仗旗
機,統理機務衙門
機,紡織機
機,直升機
機,樞機卿
器,生殖
器,器仗
器,陶瓷器
器,按摩器
器,鍮器
器,瓷器
騎,騎撥
騎,騎曹
騎,騎槍
騎,騎哨
騎,騎芻
緊,喫緊
吉,吉卦
吉,吉瑞
吉,涓吉
那,刹那
難,艱難
難,難堪
難,難溶
難,遭難
難,詰難
男,男莖
男,男娼
南,南無阿彌陀佛
南,南煎丸子
南,南蠻
南,淮南子
納,嘉納
納,愆納
納,納侤
納,納款
納,納棺
納,納物嘉善
納,納物分軸
納,納嬪
納,納贖
納,納采
納,白拉地納
納,捧納
納,卸納
納,袖納
納,呈納
內,宮内省
內,内閣府
內,内務軍閥
耐,堪耐
耐,耐酸性
女,妓女
女,魔女
女,巫女
女,女牆
女,妖女
女,傭女
女,娼女
年,齡層
念,残念
念,諦念
寧,覲親
寧,東寧路摠管府
寧,靡寧
寧,寧謐
寧,寧殷
寧,粗寧
寧,輯寧
寧,弼寧
奴,匈奴
怒,怒濤
惱,惱煞
惱,腦煞的
腦,腦裡
腦,腦髓
腦,腦磁圖
腦,腦漿
腦,腦震蕩
腦,腦脊髓液
腦,嗅腦
能,能楽
泥,塵泥
泥,骸泥
多,阿耨多羅三藐三菩提
丹,拱辰丹
短,短軀
短,短粒種
短,短箭
短,短軸
短,短狐
團,瓊團
團,餻團
團,匡正團
團,金融團
團,蘿葍湯團
團,濃色團
團,團栲栳粟
團,團綑了
團,團欒
團,團粒
團,團撫使
團,團匪
團,團黍
團,團扇
團,團餈
團,團聚
團,團牌
團,舞踊團
團,蜜團餻
團,兵站團
團,匪賊團
團,譬彼團餠
團,月團樓閤
團,紳士
團,醫療團
團,梯團
團,舟艇團
團,籜團
團,脫粟餐
團,蒲團
端,惹端
壇,壇壝
壇,壇垓
壇,杏壇
斷,間歇的
斷,斷箭
斷,宸斷
斷,截斷
斷,遮斷
達,達曼
達,豁達
達,闊達
淡,濃淡
談,雑談
擔,擔擔麵
畓,開墾畓
答,答盃
答,書答型
唐,唐麪
唐,唐宋八大家
唐,唐惶
唐,唐慌
堂,巫堂
堂,祠堂
當,堪當
當,當籤
當,穩當
當,坪當
糖,糖尿
糖,燐酸經路
糖,蔗糖
糖,葡萄糖
待,虐待
帶,帶狀疱疹
帶,繃帶
帶,紐帶
帶,靭帶
帶,臍帶血
隊,隊伍
隊,艦隊
對,對峙
臺,揭揚臺
臺,噴水臺
臺,錐臺
臺,滑走臺
德,解弛
刀,刀刃
度,强度
度,濃度
度,酸性度
度,絕對零度
度,弧度法
島,島嶼
桃,扁桃
桃,夾竹桃
倒,罵倒
倒,顚倒
徒,趕雞之犬
徒,徒仰屋穩
徒,奸徒
徒,鉗徒
徒,兼倂之徒
徒,棍徒
徒,禁徒倭
徒,蟣蝨之徒
徒,丹徒令鯊
徒,徒隸
徒,徒跣
徒,徒銷
徒,徒尉
徒,匪徒
徒,嘗糞徒
徒,胥徒
徒,嘶徒
徒,熊川徒
徒,杖徒
徒,釣徒
徒,緇徒
徒,逋徒
徒,兇徒
逃,竄逃
陶,陶冶
陶,陶窯
陶,陶瓷
陶,陶汰
盜,盜掘
盜,盜壘
盜,盜癖
盜,治盜棍
道,坑道
道,解弛
道,尿道
道,跆拳道
跳,跳踉放恣
跳,跳粱
跳,跳盪班
塗,塗褙
塗,塗竄
塗,糊塗
圖,圖們江
圖,俯瞰圖
圖,鳥瞰圖
圖,靑邱圖
稻,秔稻
稻,粳稻
稻,稻藁
稻,稻扱機
稻,欲喫稻飯
稻,秧稻
導,導函數
毒,毒嘴惡爪
毒,慓毒
毒,酷毒
獨,数独
讀,購讀
讀,閲讀
豚,豚腥
豚,豚顚
豚,豚脂
豚,豚汁
豚,豚柵
豚,往獵山豕
豚,栅豚反亡
豚,仔豚
豚,種牡豚
豚,種牝豚
冬,冬瓜
冬,冬柏
冬,晩冬
東,洛東江
洞,洞窟
洞,洞庭橘
洞,洞壑
動,稼動
動,雇傭勞動部
動,動駕
動,動臂
動,動箴
動,動哨
動,動蕩
動,動胎
動,動爻
動,動画
動,萌動
動,搏動
動,煽動
動,聳動
動,躁動
動,蠢動
動,秤動
動,胎動
動,哄動
斗,斗頓
豆,豆瓣醬
豆,豌豆
頭,咬頭
頭,翹頭
頭,擡頭
頭,頭巾
頭,頭括式
頭,饅頭
頭,埠頭
頭,咽頭
頭,喉頭
屯,駐屯
得,攄得
登,登攀
登,攀登
燈,燈盞
燈,燈檠
燈,燈擢
騰,沸騰
羅,健牟羅
羅,綺羅星
羅,羅甸語
羅,天麩羅
羅,網羅
羅,神妙章句大陀羅尼
羅,阿耨多羅三藐三菩提
羅,魔羅
絡,籠絡
絡,橘絡
落,下傘
落,顚落
落,墜落
落,頹落
卵,卵巢
卵,卵胎生
卵,避妊藥
亂,霍亂
亂,攪亂
亂,亂廛
亂,紊亂
亂,倭亂
亂,擾亂
亂,淆亂
蘭,芝蘭之交
蘭,蘭艾
蘭,学蘭
濫,氾濫
濫,猥濫
濫,僭濫
覽,多覽葛
覽,睿覽
浪,浶浪
浪,滄浪
冷,疳瘡
冷,冷麵
冷,冷酷
掠,擄掠
良,淳良
兩,棲類
兩,顎手術
涼,凄涼
梁,棟梁
糧,裹糧
糧,飼糧
糧,餱糧
旅,背囊
勵,勵磁
勵,奬勵
鍊,鍛鍊
聯,頷聯
裂,破斬
獵,狩獵
令,勅令
零,落帙
零,完帙
領,袖會談
靈,地縛靈
隷,奴隸
隷,隸書
隷,隸屬
隷,掌隸院
隷,直隸派
禮,東廂禮
老,老蟾
老,婆心
勞,疳勞
路,岐路
路,路岐
路,隘路
路,尿路
爐,鎔鑛爐
爐,融合爐
爐,夏爐冬扇
露,綻露
露,披露宴
鹿,馴鹿
綠,藻類
綠,閃綠巖
錄,懺悔錄
論,論駁
弄,譏弄
弄,玩弄
弄,嘲弄
弄,幻弄
弄,戱弄
了,魅了
料,飼料
料,慰藉料
龍,恐竜
龍,蛟龍
龍,袞龍袍
漏,膿漏
漏,漏泄
漏,脂漏
漏,皮膚炎
樓,瓊樓
樓,戍樓
樓,鐘樓
柳,柳蠹糞
柳,柳蠹蟲
柳,柳笙
柳,柳絮
柳,柳穗
柳,柳筽
柳,柳杓
柳,柳蠶蟲
柳,柳箭
柳,蒲柳
流,渦流
留,稽留
留,挽留
類,甲殼類
類,昆蟲類
類,棲類
類,類人猿
類,粘菌類
類,芝峯
類,爬蟲類
類,哺乳類
類,海藻類
六,五臟六腑
六,六韜三略
六,六十四卦
六,六曹
倫,悖倫
輪,輔輪
輪,六道輪廻
律,律呂
律,擬律
栗,煨栗
栗,芋栗
栗,栗餠
栗,栗甫
栗,栗蓬
栗,栗縫
栗,栗鼠
栗,殷栗
栗,棗栗
陵,鬱陵島
陵,迦陵頻伽
陵,宣靖陵
陵,遲處斬
吏,騶吏
利,奢利
理,漫畵
梨,藤梨
梨,僧伽梨
梨,阿闍梨
梨,鳳梨酥
裏,祕密裡
裏,盛況裡
裏,餛飩之餌
離,剝離
離,離闈
隣,交鄰
隣,近鄰
隣,大數鄰
隣,善鄰
隣,鄰近
隣,鄰接
林,林鐘
臨,時防牌
立,独立放送局
立,陸立鼎
立,立憲民主党
立,前立腺
馬,馬廏
馬,馬糞
馬,馬牌
馬,絵馬
馬,駿馬
麻,麻袋
麻,麻雀
麻,麻婆豆腐
麻,麺麻
磨,磨耗
磨,磨崖
漠,渺漠
晚,晚餐
萬,萬覇
慢,倨慢
慢,乖慢
慢,驕慢
慢,懶慢
慢,慢蹇
慢,慢驕
慢,慢蔑
慢,慢脾風
慢,勃慢
慢,菩薩慢
慢,瑞鷓鴣慢
慢,褻慢
慢,憶吹簫慢
慢,敖慢
慢,頑慢
慢,雨淋鈴慢
慢,弛慢
慢,醉蓬萊慢
慢,悖慢
慢,懈慢
漫,爛漫
滿,瓜滿
滿,滿腔
滿,滿喫
滿,滿壘
滿,滿贓
滿,彌滿
滿,喘滿
滿,膨滿
末,末梢神經
末,顚末
亡,逋亡
亡,王莽
亡,奀亡
忙,慌忙
妄,妖妄
妄,孱妄
茫,曠茫
茫,茫昧
茫,渺茫
茫,滄茫
望,羨望
望,眺望
買,强買
買,購買
買,買售
脈,脈搏
脈,診脈
麥,菽麥
孟,姜孟卿
孟,安孟聃
孟,吳孟達
孟,李孟熙
盟,盟簇
免,免狀綴
免,赦免
綿,綿棒
滅,潰滅
滅,滅擯
滅,撲滅
滅,殲滅
滅,湮滅
滅,誅滅
滅,幻滅
名,仮名
名,陋名
名,名匠
名,名札
名,名探偵
名,名牌
名,名銜
名,匿名
名,胎名
命,誡命
命,殞命
明,明礬
明,明晳
明,明紬
明,明澄
鳴,角鳴箭
鳴,鳴聲破甕
鳴,膜鳴樂器
鳴,鳴笳軍
鳴,鳴鳩
鳴,鳴囊
鳴,鳴螺
鳴,鳴鑾
鳴,鳴鈸
鳴,鳴砂
鳴,鳴瑞
鳴,鳴鳶旗
鳴,鳴鏑
鳴,鳴鐘
鳴,鳴掀
鳴,木麥餠
鳴,二缶鳴
鳴,三緘一鳴之戒
鳴,蟬鳴
鳴,鳴缶焉用
鳴,浪鳴缶
鳴,鳴缶
鳴,鳴聲輒憎
鳴,蛙鳴
鳴,有鳴春雉
鳴,哀彼春雉
鳴,鐘鳴
鳴,隻掌難鳴
鳴,一股難行
鳴,喘鳴
鳴,春山雉以鳴死
毛,毛笠
毛,豬毛
母,母胎
母,母艦
母,傅母
母,姨母
母,酵母
冒,冒瀆
侮,倨侮
侮,侮罵
侮,侮蔑
慕,欽慕
模,模型
木,虍勹
目,刮目
目,暝目
目,目睹
目,稟目
沒,汨沒
沒,沒溺
蒙,蒙昧
蒙,蒙塵
夢,夢魔
夢,夢幻
夢,蝴蝶之夢
夢,南柯一夢
妙,妙齡
妙,妙腕
妙,奧妙
墓,墓寇
武,武俠
無,無錫
舞,舞妓
舞,舞蹈
舞,舞踊
舞,按舞
霧,噴霧器
默,緘默
文,諺文
文,呪文
門,凱旋門
門,門閥貴族
門,毘沙門天
門,肛門
紋,哥窯紋
紋,鳴聲破甕
紋,橘皮紋
紋,夔龍紋
紋,夔鳳紋
紋,卍字紋
紋,網紋
紋,紋緞
紋,紋紗角
紋,紋繡
紋,紋枰
紋,斑紋
紋,鼻涕紋
紋,西洋紋紬
紋,石榴紋
紋,蟬紋
紋,繡紋
紋,繡戶紋窓
紋,雙紋紬
紋,雙紋綃
紋,如意珠紋褓
紋,渦紋
紋,渦狀紋
紋,鱗紋
紋,印紋褓
紋,綵紋席
紋,皺紋
紋,苔紋
紋,布紋蛤
紋,豹紋
紋,蟹爪紋
問,拷問
問,鞠問
問,背囊
問,訊問
問,諮問
聞,艶聞
物,賂物
物,酸化物
物,膳物
物,贓物
米,强化米
米,米粒
米,白粱米
米,産米增殖計劃
米,靑粱米
米,黃粱米
尾,九尾狐
尾,尾括式
味,味噌
美,歐美
眉,焦眉
民,僑民
民,民譚
民,民擾
民,民窯
民,民饒
民,民畵
民,罹災民
敏,敏腕
敏,敏捷
敏,穎敏
憫,憫惘
密,濃密
密,秘密
密,稠密
密,緻密
蜜,蜜蠟
蜜,蜜柑
蜜,巢蜜
朴,淳朴
泊,碇泊
迫,劫迫
迫,逼迫
博,賭博
博,博奕
博,碩博
薄,薄膜
薄,薄俸
反,反駁
反,反撥
反,反芻
半,半跏趺坐
半,半擦音
半,半農半狩獵
伴,跟伴
伴,伴侶
伴,伴伍
伴,伴倭
伴,筵伴
返,返戾
班,班戟
飯,骨董飯
飯,攪飯
飯,飯饌
飯,飯盒
飯,飯後濃茶
盤,鍵盤
盤,錚盤
盤,胎盤
拔,拔錨
拔,拔擢
拔,拔萃
發,發掘
發,勃發
發,發癌
髮,禿髮
方,方隅
方,方釘
方,方劑
邦,邦畵
妨,妨礙
防,防腐劑
防,防禦
防,防諜
防,防牌
放,放尿
放,放糞
放,放黜
放,放蕩
芳,芳香劑
房,閨房
房,貰房
房,廚房
訪,訪歐
訪,詢訪
訪,訊訪
杯,戒盈杯
背,背囊
背,背瘡
背,背馳
倍,倍蓰
配,勾配
排,嘉排
排,譏排
排,箕排領
排,木圓彭排
排,排膿
排,排尿
排,避妊藥
排,排悶
排,排擯
排,排泄
排,排簫
排,排戛
排,排訐
排,排褥
排,排雲叫闔
排,排擬
排,排貳
排,排詆
排,排擠
排,排站
排,排笮
排,排鋪
排,牀排色
排,恃排
排,阿里岩排
排,按排
排,引繩排根
排,詆排
排,渚排夫蔡小豆
排,塡排
排,擠排
排,撤排
排,排柿排梨
排,彭排
輩,奸臣輩
白,控白
白,蛋白質
白,白駒
白,白鷗
白,白驥
白,白麒麟旗
白,白鷺
白,白燐
白,白斑
白,白礬
白,白堊
白,白瓷
白,白磁
白,白靑瓷
白,白靑磁
白,白朮
白,白雉
白,白痴
白,白癡
白,白幟
白,白駝
白,白蛤
白,白樺
百,百歳人生
百,百花繚乱
百,八百万
煩,煩悶
煩,煩屑
煩,煩褻
繁,蕪繁
繁,繁柯
繁,繁蕪
繁,繁殖
繁,櫛繁
伐,干伐飡
伐,級伐飡
伐,級伐湌
伐,矜伐
伐,伎伐浦
伐,馬夫乙伐士叱
伐,伐大驄
伐,伐大騘
伐,伐德跪
伐,伐樹十斫無蹶
伐,傘伐
伐,舒伐邯
伐,燮伐
伐,攘伐
伐,于伐飡
伐,伊伐干
伐,伊伐支
伐,伊伐湌
伐,伊伐飡
伐,伊伐翰
伐,斫伐
伐,剪伐
伐,誅伐
伐,斬伐
伐,偸伐
罰,譴罰
罰,撻罰
罰,罰鍰
罰,杖罰
罰,誅罰
罰,黜罰
罰,笞罰
犯,犯斫
犯,犯贓
犯,虞犯
範,範疇
範,洪範九疇
法,魔法
法,法臘
法,法曹
碧,碧澗
碧,碧梧桐
碧,碧苔
碧,翠碧
碧,紺碧
壁,壁欌
壁,岩壁
辯,詭辯
辯,訥辯
變,褐變
別,別扇
兵,强兵
兵,兵仗
兵,兵曹
兵,兵站
兵,哨兵
病,川崎病
病,疳病
病,佝僂病
病,糖尿病
病,痘病
病,水俣病
病,病棟
病,函數
病,病魔
病,皮膚病
步,步哨
步,步趨
步,町步
補,補贖
普,普魯西
普,普墺戰爭
報,報酬
報,報讐
報,諜報
譜,譜牒
伏,怖伏
復,復讐
福,晩福
福,福祉
複,複素函數
奉,奉德寺鐘
封,封套
蜂,蜂蠟
蜂,蜂窩
鳳,鳳凰
鳳,鳳梨酥
夫,姨母夫
付,付託
付,貼付
負,褓負商
浮,浮磬
浮,浮漚
浮,浮屠
浮,浮堰
浮,浮游
浮,浮萍草
浮,浮世絵
部,雇傭
部,保健福祉部
部,臀部
符,函數
副,副棺
副,副腎
副,副尉
副,副鉦
副,副摠管
副,副承旨
婦,悍婦
富,富賈
富,富贍
富,贍富
富,殷富
富,猝富
腐,腐蝕
覆,顚覆
分,分揀
分,分娩
奔,奔竄
紛,編輯
憤,鬱憤
佛,佛手柑
佛,佛陀
拂,拂拭
比,比喩
比,櫛比
批,批准
肥,肥沃
肥,堆肥
卑,卑怯
飛,飛沫
飛,飛翔
祕,秘技
祕,祕匿
祕,祕苑
費,費耗
悲,悲愴
鼻,鼻腔
鼻,鼻粱
鼻,鼻淵
鼻,鼻疽
鼻,酸鼻
鼻,盾鼻
鼻,亢鼻
鼻,狹鼻類
賓,合爾賓
頻,迦陵頻伽
氷,氷棚
氷,氷晶
氷,氷堆石
氷,氷壺
氷,碎氷船
聘,嘉聘
聘,雇聘
聘,覲聘
聘,聘殮
聘,玉鸞聘
聘,傭聘
士,碩士
士,紳士
士,奬學士
四,四聖諦
四,四十九齋
四,四肢
史,宋史
司,司諫
司,司誨
司,攸司
死,戒盈杯
寺,寺刹
似,似人猿類
似,擬似
似,呈似
似,酷似
似,恰似
邪,奸邪
邪,妖邪
邪,邪霊
沙,毘沙門天
沙,沙鉢
沙,沙嘴
沙,沙汰
私,私僕
私,私塾
私,私邸
事,嘉事
事,炊事
社,社稷
使,遣隋使
使,使嗾
舍,寮舍
査,査頓
射,射琴匣
射,射倖
師,賭博師
師,魔法師
師,剝製師
師,裝蹄師
蛇,蛇蝎
斜,斜睾類
斜,斜睾目
斜,斜睾科
斜,斜睾屬
斯,斯盧國
絲,螺絲
絲,靑椒肉絲
寫,謄寫
寫,描寫
寫,繕寫
賜,膳賜
辭,控辭
辭,卦辭
辭,詭辭
辭,氣沮辭塞
辭,揑辭
辭,瀆辭
辭,遁辭
辭,蔓辭
辭,蕪辭
辭,跋辭
辭,辭藻
辭,辭箚
辭,辭陛
辭,辭彙
辭,遜辭
辭,哀悼辭
辭,釀辭
辭,爰辭
辭,諛辭
辭,牋辭
辭,呈辭
辭,措辭
辭,藻辭
辭,呪辭
辭,峻辭
辭,嗟辭
辭,箚辭
辭,鑱辭
辭,籤辭
辭,楚辭
辭,追悼辭
辭,贅辭
辭,託辭
辭,嘆辭
辭,片言隻辭
辭,貶辭
辭,詖辭
辭,嘏辭
辭,緘辭
辭,兇辭
朔,晦朔
山,虍勹
散,撒布
散,撒水
殺,絞殺
殺,擒殺
殺,屠殺
殺,抹殺
殺,搏殺
殺,撲殺
殺,倂殺
殺,殺鼠
殺,誅殺
殺,虐殺
三,三巴戰
三,阿耨多羅三藐三菩提
森,藤森主義
上,路上放尿
上,路上放糞
上,泗上
上,上尉
上,呈上
上,俎上
尙,嘉尙
狀,橈狀
狀,帶狀疱疹
相,相剋
相,相馳
相,相撲
相,丞相
桑,乂乂乂木
桑,桑蠶
桑,桑弧
桑,緣桑螺
桑,蠶桑
商,褓負商
商,商廛
商,商鋪
祥,祥瑞
祥,妖祥
祥,禎祥
喪,驚心喪膽
喪,耗喪
喪,內艱喪
喪,悼喪
喪,喪笠
喪,喪魄
喪,喪扇
喪,喪帷
喪,喪杖
喪,趨入祭廳
喪,喪頉
喪,頑喪
喪,外艱喪
喪,沮喪
喪,椓喪
喪,以得裨喪
喪,虧喪
傷,怛傷
傷,傷怛
傷,傷痍
傷,傷痕
傷,凋傷
傷,爪傷
傷,挫傷
傷,打搏傷
嘗,奢者心嘗貧
嘗,嘗糞徒
裳,攓裳
裳,繡裳
裳,霓裳
裳,虞裳
裳,蟻裳
裳,紫霞裳
裳,紵裳
裳,赤綃裳
裳,纁繒裳
像,幻像
霜,砒霜
償,賠償
償,贖償
償,辦償
色,褐色
色,紺色
色,遜色
索,摸索
塞,梗塞
塞,腦梗
塞,心筋梗
塞,窒塞
塞,肺塞栓症
生,妓生
生,誤謬
生,生薑
生,生殖
西,西歐
序,序陞
書,図書
書,帛書
書,秘書
書,私書函
書,書齋
書,書帙
書,書翰
書,諭書
書,自己紹介書
書,詔書
書,診斷書
恕,矜恕
恕,恕宥
恕,宥恕
徐,徐放錠
敍,敍勳
敍,蔭敍
逝,薨逝
庶,庶孼
庶,嫡庶
暑,酷暑
席,会席
席,藁席
席,桄葉席
席,闕席
席,几席
席,韜席
席,藤席
席,陪席
席,席捲
席,席帽
席,席匠
席,繡席
席,按席
席,偃席
席,龍文簾席
席,貳席
席,茵席
席,鄰席
席,衽席
席,鼎席
席,鉉席
席,滑席
釋,釋迦牟尼
釋,註釋
仙,仙馭
仙,仙遺粮
先,先鋒
先,先塋
先,先后
船,間諜船
船,艍舠船
船,鯨船
船,耕耘船
船,賈船
船,罛船
船,鶻船
船,戈船
船,括船
船,汲水船
船,拿捕船
船,櫓船
船,鹵獲船
船,代船約款
船,大型船
船,豆禿也只船
船,亇尙船
船,網船
船,模型船
船,舶船
船,駁船
船,搬船
船,防牌船
船,翻船
船,帆船
船,鰒作船
船,鰒作干船
船,艀船
船,敷設船
船,伺候船
船,梭船
船,沙唬船
船,杉船
船,三檣船
船,船鑑札
船,船渠
船,船齡
船,船艫
船,船舶
船,船匠
船,船檣
船,船艙
船,船廠
船,船娼
船,船槍
船,船隻
船,梢舷
船,船艦
船,船舷
船,船暈
船,小型船
船,碎氷船
船,巡邏船
船,巡綽船
船,旣越其津
船,試錐船
船,柴灰船
船,漁撈船
船,曳船
船,倭船
船,幺船
船,傭船
船,藕船
船,醫療船
船,芿朴船
船,仍朴船
船,偵察船
船,漕船
船,槽船
船,釣船
船,漕轉船
船,浚渫船
船,津船
船,遮浪甲板船
船,遮陽甲板船
船,遮陽船
船,站船
船,採鰒船
船,哨馬船
船,哨麻船
船,哨亇船
船,哨船
船,夬船
船,搭船
船,桶船
船,敝船
船,鮑作船
船,鮑作干船
船,艦船
船,挾船
船,揮罹船
旋,凱旋
旋,螺旋
旋,斡旋
善,旌善
單,開艙單
線,線型
線,效用函數
線,破綻
線,擺線
線,抛物線
舌,捲舌音
舌,舌苔
舌,雀舌
雪,雪糕
雪,雪冤
設,敷設
說,說苑
說,星湖僿說
說,櫟翁稗說
說,芝峯
姓,姓銜
性,半透過性膜
性,腐生性葡萄狀球菌
性,性戱弄
性,融通性
性,匿名性
性,靭性
性,脂性
性,惰性
性,化膿性
省,大蔵省
星,矮星
星,褐色倭星
星,亢星
星,彗星
盛,旺盛
聖,聖櫃
聖,聖晚餐
誠,款誠
聲,呱呱之聲
聲,擬聲
聲,嘆聲
聲,喊聲
世,厭世
世,浮世絵
洗,盥洗
洗,洗罍
洗,洗鋤宴
洗,先網巾
洗,洗硯禮
洗,洗劑
洗,洗滌
洗,汝窯洗
細,纖細
細,細麵
細,細粘土
細,仔細
勢,驛勢圈
勢,藉勢
勢,趨勢
少,些少
少,少尉
召,召喚
所,殯所
所,哨所
所,休憩所
消,抹消
消,消耗
笑,嘲笑
素,硅素
素,珪素
素,複素函數
素,弗素
素,硼素
素,砒素
素,酸素
素,素描
素,素麵
素,函數
素,素胎
素,沃素
素,尿素
素,窒素
素,酵素
掃,掃蕩
訴,控訴
訴,讒訴
蔬,嘉蔬
蔬,餠蔬
蔬,蔬筍氣
蔬,熊蔬
蔬,采蔬
蔬,肴蔬
燒,叉燒
騷,騷擾
束,束縛
束,束伍軍
束,磁束
俗,蠻俗
俗,巫俗
俗,俗寰
俗,啞俗
俗,俚俗
俗,頹俗
速,强速球
速,迅速
粟,粳粟
粟,糯粟
粟,狼尾粟
粟,廩粟
粟,團栲栳粟
粟,死粟粥
粟,黍粟
粟,粟粒
粟,縱呑何補
粟,粟不滿升
粟,嗜餠必尺
粟,罌粟
粟,有粟不食無益於饑
粟,脫粟餐
粟,疹粟
屬,眷屬
孫,昆孫
孫,嫡孫
損,蠧損
損,摩損
損,耗損
損,損耗
損,損菴
損,損窩
損,損齋
損,瘦損
損,渦流損
損,渦電流損
損,抓損
損,蟹損
損,朽損
損,虧損
損,痕損
損,欠損
松,松柏
松,松脂
松,松津
松,松餠
送,搬送
送,餞送
訟,擊錚訟冤
訟,郭士源堰訟
訟,夢決楚漢訟
訟,訟卦
訟,訟卞歸一
訟,訟隻
頌,偈頌
頌,頌禱
誦,諷誦
刷,刷逋
鎖,枷鎖
鎖,鎖鑰
鎖,化膿性
手,虍勹
首,絞首形
首,匕首
首,首魁
首,斬首
首,梟首
殊,文殊菩薩
修,修繕
壽,傘壽
數,枚數
數,數尿症
數,數爻
數,数独
數,數罟
數,函數
樹,樹脂
輸,贏輸
隨,跟隨奴
隨,隨陪
宿,耆宿
宿,怏宿
淑,淑媛
熟,熟膾
熟,烹頭耳熟
巡,巡邏
巡,巡洋戰艦
巡,巡洋艦
巡,巡廻
純,純粹
順,順坦
術,魔術
術,妖術
術,呪術
術,鍼術
術,解錠術
崇,欽崇
濕,濕疹
襲,掩襲
襲,殮襲
昇,昇遐
僧,僧侶
示,揭示
示,示唆
矢,嚆矢
施,施鍵裝置
時,霎時
時,時時曇
時,時防牌
視,瞰視
視,恝視
視,蔑視
視,視膳
視,鷹視
視,妬視
詩,詩讖
詩,定型詩
式,藁婚式
式,戴冠式
式,頭括式
式,竣工式
式,誤謬
食,食怯
食,食餌
食,食醋酸
食,食醯
食,蠶食
息,蕃息
息,棲息
息,窒息
息,喘息
息,嘆息
臣,奸臣
臣,諫臣
臣,臣僕
臣,寵臣
身,焚身
身,屍身
身,身柄
身,挺身隊
身,渾身
辛,辛辣
信,信憑
信,信倚
信,信託
神,魔神
神,聖德大王神鐘
神,神秘
晨,晨暉
新,新字体
新,新型
新,斬新
失,失踪
失,失墜
室,扮裝室
室,秘書室
室,休憩室
實,實函數
甚,酷甚
深,深奧
審,陪審員
十,四十初襪
十,十誡命
十,十匙一飯
雙,雙璧
雙,雙翅目
雙,雙節棍
氏,舅氏
氏,剞劂氏
氏,嬪氏
氏,嫂氏
氏,姊氏
牙,狼牙
牙,狼矣牙
牙,爪牙
兒,畸形兒
兒,虐待
兒,兒孩
兒,嬰兒
兒,託兒所
兒,胎兒
兒,悖倫兒
亞,亞酸化
亞,窒素
亞,亞銓
亞,亞窒酸
亞,亞黃酸
芽,萌芽
芽,胚芽
芽,腋芽
芽,肉芽腫
雅,雅澹
雅,雅馴
雅,雅楽
雅,爾雅
餓,饑餓
惡,奸惡
惡,羞惡之心
惡,惡魔
惡,粗惡
惡,悍惡
惡,兇惡
安,刈安
安,安堵
岸,灣岸
案,勘案
案,折衷案
眼,眼窩
眼,眼睛
眼,瞥眼間
眼,炯眼
暗,暗褐色
暗,暗渠
暗,暗款
暗,暗窟
暗,暗澹
暗,暗輻射線
暗,暗鬱
暗,暗赭色
暗,暗箭
暗,暗礁
暗,暗函
巖,鎔巖
巖,斑糲巖
巖,閃綠巖
巖,花崗巖
巖,堆積巖
巖,礫巖
押,押牢
押,押釘
壓,壓釘
壓,壓挫
仰,俯仰
仰,仰釜日晷
仰,仰韶文化
仰,仰瞻
仰,瞻仰
愛,加虐愛
愛,愛嬌
愛,愛玩動物
愛,寵愛
液,膿液
液,濃液
液,木醋液
液,酸敗液
液,滲出液
液,髓液
液,液晶
液,溶液
液,融液
液,漿液
液,粘液
液,汁液
液,津液
液,唾液
液,滑液
夜,夜尿
夜,夜蝕
夜,夜叉
耶,伽耶
野,曠野
野,野苑
野,野圈
野,野蠻
野,野鄙
約,括約
約,約款
約,締約
弱,懦弱
弱,脆弱
藥,膏藥
藥,痲痺藥
藥,痲藥
藥,發疱藥
藥,藥劑
藥,藥鍼
藥,釉藥
藥,芍藥
藥,避姙藥
躍,踊躍
躍,躍騵
躍,龍躍在淵勢
躍,雀躍
羊,羊膜
羊,犧牲羊
洋,韓菓
陽,陽傘
揚,揭揚
揚,捲揚機
楊,黃楊方牌
楊,黃楊牌
養,養殖
養,養蠶
養,滋養
養,涵養
樣,高驪樣
樣,恠樣伊
樣,網樣組織
樣,薄樣牋
樣,柏樣榴
樣,另樣
樣,依樣畫葫蘆
樣,篆樣
樣,虎樣伊
魚,鯨魚
魚,鯨鯢鬪海
魚,魚鰕遄死
魚,官魚箭
魚,鱖魚
魚,棘鰭魚目
魚,鰭崇魚目
魚,鰻鱺魚
魚,魴魚
魚,甁魚
魚,鰐魚
魚,鮟鱇魚
魚,魚鱖
魚,魚爛河決
魚,魚網船
魚,魚目瘡
魚,魚煎
魚,魚廛
魚,魚粥
魚,魚脯
魚,魚缸
魚,魚膾
魚,鰱魚
魚,異顎魚目
魚,鯉魚
魚,箭魚
魚,鰈魚
魚,釣絲魚
魚,鰍魚
魚,呑魚目
御,御駕
漁,鉅漁
漁,桐漁
漁,枋頭漁
漁,鋤漁
漁,狩漁
漁,漁磯
漁,漁撈
漁,漁網
漁,漁氓
漁,漁叟
漁,漁隧
漁,漁箭
漁,漁筌
漁,漁艇
漁,漁樵
漁,漁礁
漁,漁閒期
漁,漁篊
漁,猿嘯風中斷
漁,佃漁
漁,樵漁
抑,抑鬱
億,億劫
憶,緬憶
憶,憶吹簫
憶,愊憶
言,諫言
言,箴言
言,讒言
言,讖言
嚴,嚴誅
嚴,峻嚴
業,融業
汝,汝窯
與,與圈
餘,剩餘
役,坊役
役,屁役
役,赤兔赤鼠之役
役,蝙蝠之役
疫,口蹄疫
疫,瘟疫
逆,嘔逆
逆,逆鱗
逆,逆函數
逆,悖逆
逆,吃逆
域,圈域
驛,驛站
延,延髓
宴,觴曲水宴
宴,披露宴
宴,饗宴
軟,软件
軟,微软
然,杳然
然,靡然
然,儼然
然,毅然
鉛,酸化鉛
鉛,鉛槧
鉛,鉛醋
鉛,鉛錘
鉛,錘鉛
煙,凌煙閣勳臣
煙,煤煙
煙,燧煙
煙,煙槍
煙,煙筒
煙,煙筩
煙,煙霞
煙,硝煙
煙,燻煙
煙,薰煙
演,演繹
燕,燕巢
燃,燃藜室記述
悅,愉悅
熱,熱網
熱,熱罵
熱,輻射熱
熱,灼熱
熱,熾熱
閱,閥閱
鹽,搉鹽
鹽,薑鹽
鹽,羌鹽
鹽,硅酸鹽
鹽,半鹽菘包
鹽,燔鹽
鹽,捧鹽
鹽,剖鹽石魚
鹽,砒酸鹽
鹽,瀉利鹽
鹽,酸性鹽
鹽,亞燐酸鹽
鹽,亞鉛酸鹽
鹽,鹽薑水
鹽,鹽麴
鹽,鹽膽水
鹽,鹽網
鹽,鹽釜
鹽,鹽盆
鹽,鹽酸
鹽,鹽石魚膠
鹽,豈畏豉醎
鹽,鹽冶
鹽,鹽醬
鹽,鹽猪肉
鹽,鹽廛
鹽,鹽漬
鹽,鹽硝
鹽,鹽脯
鹽,倭鹽
鹽,鎔融鹽
鹽,熔融鹽
鹽,戎鹽
鹽,燐酸鹽
鹽,燐鹽球
鹽,煮鹽
鹽,醬鹽庫
鹽,在灶之鹽
鹽,擩之乃醎
鹽,竈隴有鹽
鹽,不絮不鹹
鹽,竈上鹽
鹽,執入後鹹
鹽,漬鹽
鹽,窒酸鹽
鹽,靑酸鹽
鹽,硝酸鹽
鹽,椒鹽餠
鹽,炭酸鹽
鹽,浦人喫鹽
鹽,黃酸鹽
葉,葉酸
葉,胎葉
葉,胎鐷
葉,闊葉樹
永,永劫
泳,游泳
映,映画
影,影幀
影,撮影
影,艦影
影,幻影
營,營繕
藝,藝妓
譽,假譽馳聲
譽,沽譽
譽,媚譽
譽,誹譽
譽,衙中譽倅
譽,徼譽
譽,奬譽
五,五十音図
午,午餐
午,吳楚七國
烏,烏鵲橋
烏,烏桓
嗚,噫嗚
傲,倨傲
傲,蹇傲
傲,夸傲
傲,驕傲
傲,凌傲
傲,奢傲
傲,偃傲
傲,傲愎
傲,嚚傲
傲,侈傲
誤,誤謬
玉,瓊玉膏
玉,玉璽
玉,玉碎
玉,玉兎
玉,玻璃玉
屋,茅屋
獄,煉獄
溫,溫麵
擁,擁膝
完,完璧
完,完聚
緩,緩下劑
緩,弛緩
曰,曰牌
王,藩王
王,王駕
王,王鴡
外,疎外
外,外廓
外,外槨
外,外棺
外,外腑
外,外套
外,破綻
外,外様大名
畏,畏怖
要,要旨
腰,禿臺腰
腰,亇腰
腰,明器腰轝
腰,毋以用急
腰,線縛鍼腰
腰,服玩腰轝
腰,揷腰語
腰,纖腰
腰,神帛腰轝
腰,腰鉤
腰,腰髓
腰,腰纓
腰,腰鞓
腰,腰絰
腰,腰斬刑
腰,腰褶
腰,腰椎
腰,腰牌
腰,長腰鎗
腰,蹲腰
腰,冊寶腰轝
腰,軸腰
腰,豹腰靑
腰,魂帛腰轝
搖,搖籃
曜,芒曜
曜,曜魄
浴,沐浴
浴,浴槽
用,雇用
用,佩用
勇,强勇
勇,蠻勇
容,容喙
容,羞容
容,瘦容
于,與隋將于仲文詩
友,槿友會
友,友誼
牛,牛丼
牛,犢牛
牛,貰牛
牛,蝸牛
牛,牛痘
牛,牛膝
牛,牛漿
右,右僕射
右,右阜傍
羽,羽扇
羽,雀羽
雨,雨雹
雨,雨傘
雨,驟雨
偶,偶蹄目
偶,偶函數
偶,偶蹄類
愚,愚昧
遇,眷遇
遇,詭遇
遇,彦遇
遇,遇遯
遇,遭遇
遇,寵遇
遇,虐遇
遇,酷遇
憂,憂鬱
優,俳優
運,運搬
韻,賡韻
韻,瓊韻
韻,頸韻
韻,奎韻
韻,勒韻
韻,旁韻
韻,猜韻
韻,韻韶
韻,韻軸
韻,疊韻
韻,仄韻
韻,夬韻
雄,梟雄
雄,雌雄
雄,桓雄
元,元兇
元,中国
怨,憾怨
怨,笑面難唾
怨,仇怨
怨,閨怨
怨,謗怨
怨,忿怨
怨,夙怨
怨,睚眥之怨
怨,怨曠
怨,怨溝
怨,怨咎
怨,怨仇
怨,怨懟
怨,怨誹
怨,怨讎
怨,怨嗟
怨,怨春糚
怨,怨慝
怨,任怨辦事
原,原宥
原,原型
原,藤原效果
院,諫院
院,会計検査院
院,中樞院
院,翰林院
源,誤謬
圓,圓滑
圓,楕圓
圓,圓胄
遠,疎遠
月,皐月
月,月餠
月,月貰
月,月蝕
月,幻月
越,吳越同舟
越,逾越節
委,委囑
委,委託
胃,脾胃
胃,胃潰瘍
胃,胃癌
偉,偉軀
偉,偉碩
偉,偉彦
偉,偉兀
偉,偉勳
偉,曺偉
圍,雰圍氣
慰,慰藉料
幼,幼亮
幼,幼沖
幼,幼穉
酉,癸酉靖難
油,鯨油
油,辣油
油,油菓
油,油蜜菓
油,油槽船
油,油脂
油,油艙
油,潤滑油
乳,煉乳
乳,乳菓
乳,乳酪
乳,乳酸
乳,乳劑
乳,乳漿
乳,乳脂
乳,乳嘴
乳,搾乳
乳,哺乳
裕,饋友乏物
裕,彦裕
裕,溫裕齋
裕,裕甫
裕,閒裕
遊,宸遊
遊,遊撃
遊,遊戱
維,纖維
誘,誘拐
遺,遺憾
遺,遺勳
肉,類肉腫症
肉,肉荳蔲
肉,肉汁
肉,肉脯
肉,肉膾
育,飼育
潤,潤滑
銀,銀軸
銀,銀杏
隱,稼隱
隱,嘉隱
隱,黔隱扣
隱,皐隱
隱,耆隱
隱,慵隱
隱,隱奸
隱,隱坑
隱,隱匿
隱,隱遁
隱,隱遯
隱,隱喩
隱,隱疵
隱,惻隱
吟,呻吟
音,轟音
音,拼音
音,訃音
音,舌顫音
音,喉頭音
音,喉音
淫,淫蕩
陰,梧陰
陰,陰莖
陰,陰阜
陰,陰函數
泣,泣禱
泣,泣涕
泣,涕泣
泣,慟泣
凝,凝聚
應,應酬
應,鷹視
應,饗應
矣,矣廛
依,憑依
依,依託
義,義捐
義,義淵
義,義肢
疑,猜疑
疑,疑訝
儀,渾天儀
醫,醫療
二,二酸化炭素
耳,藿耳
耳,耳鼻咽喉科
耳,耳掩
夷,夷狄
夷,尊皇攘夷
移,移徙
移,移秧
仁,杏仁
因,函數
認,認准
一,一喝
一,一括
一,一抹
一,一蹴
一,一鍼
任,修任校尉
賃,雇賃
入,購入
入,闌入
入,搬入
入,揷入
入,入札
入,竄入
子,菓子
子,枸杞子
子,帽子
子,箱子
子,扇子
子,親子丼
子,柚子
子,椅子
子,胰子
子,粒子
子,簇子
子,酒煎子
子,垓子
子,知儭力
自,自炊
字,篆字
者,諜者
恣,恣肆
恣,僭恣
恣,擅恣
紫,紫水晶
昨,昨晩
昨,昨宵
酌,酬酌
酌,斟酌
殘,孱妄
殘,殘虐
殘,殘酷
潛,潛竄
雜,粗雜
丈,丈壻
丈,函丈
壯,強壯劑
壯,滋養
壯,宏壯
長,長靴
章,奎章閣
章,腕章
章,勳章
章,徽章
將,征夷大将軍
將,將棋
粧,粧撰
粧,粧帖
掌,股掌
掌,熊掌
掌,掌匣
掌,掌櫃
掌,掌握
掌,靑邱指掌
葬,堆肥葬
障,魔障
障,倚障
障,障塞尉
障,障繕府
障,障礙
障,遮障
獎,勸奬
獎,奬勵
獎,奬學
墻,佛跳牆
墻,花紋牆
臟,脾臟
臟,腎臟
臟,膵臟
才,才媛
在,駐在
再,再痕
災,罹災民
財,財閥
栽,盆栽
裁,裁縫
載,揭載
載,搭載
貯,貯窠
貯,貯柴
著,夙著
赤,赤痰
赤,赤蛾
赤,赤軸
赤,赤幟
寂,蕭寂
寂,鬱寂
寂,寂廖
寂,寂寞
寂,寂寥
跡,蹤跡
跡,痕跡
賊,奸賊
賊,驕賊
賊,寇賊
賊,對賊出劒勢
賊,東蕃賊
賊,蠹賊
賊,蟊賊
賊,餠賊看證
賊,匪賊
賊,蔘賊
賊,鼠賊
賊,膝甲賊
賊,蛾賊
賊,掩賊
賊,倭賊
賊,妖賊
賊,戕賊
賊,賊魁
賊,賊狗上糠石
賊,賊窟
賊,賊堡
賊,賊匪
賊,賊巢
賊,賊藪
賊,賊倭
賊,賊贓
賊,翦賊
賊,勦賊
賊,鍼子偸賊大牛
賊,剽賊
賊,捍賊
賊,猾賊
賊,兇賊
滴,瀝滴
滴,硯滴
滴,滴瀝
滴,滴甁
滴,滴油箭
滴,滴劑
摘,抉摘
摘,摘奸
摘,摘蕾
摘,摘鰒
摘,籌摘
適,包括
敵,敵愾
敵,敵艇
積,函數
積,沖積土
積,堆積
績,紡績
全,穩全
全,全鰒
典,典鋪
典,典型
前,衙前
前,前立腺
前,前秦
前,前哨
傳,訛傳
傳,傳喝
傳,傳貰
戰,消耗戰
戰,前哨戰
錢,雇錢
錢,貢膳錢
錢,闕錢
錢,鑞錢
錢,當坪錢
錢,賭錢
錢,麪錢
錢,耗錢
錢,緡錢
錢,別餉錢
錢,補蔘錢
錢,補餉錢
錢,俸錢
錢,捧錢
錢,賻儀錢
錢,贍學錢
錢,貰錢
錢,贖錢
錢,宋錢
錢,收斂錢
錢,殖錢
錢,腎囊錢
錢,連錢驄
錢,斂錢
錢,五銖錢
錢,楡錢
錢,楡莢錢
錢,蟻鼻錢
錢,驎連錢
錢,贓錢
錢,齋錢
錢,楮錢
錢,儲置錢
錢,錢驕
錢,錢葵
錢,錢囊
錢,錢塘江
錢,錢大昕
錢,錢杜
錢,錢坊
錢,錢癖
錢,錢筮法
錢,錢氏白朮散
錢,錢秧
錢,錢鏐
錢,錢匠
錢,錢銚
錢,錢牌
錢,漕倉錢
錢,紬錢
錢,茁錢
錢,餐錢
錢,擲錢
錢,勅需錢
錢,帑錢
錢,駄錢
錢,牌錢
錢,乏錢
錢,嗜尺餠
錢,戶徭錢
錢,咊錢
轉,轉嫁
轉,轉傳貰
切,凄切
折,九折坂
折,夭折
折,折衷
折,挫折
絶,杜絶
絶,悽絶
節,嘉俳節
節,節肢動物
節,鞦韆節
竊,剽竊
占,占卦
店,店鋪
店,製菓店
漸,防微杜漸
漸,漸墜
點,强點
點,對蹠點
點,斑點
點,分岐點
點,沸騰點
點,鞍裝點
點,點描法
點,點竄
點,點綴
點,焦點
接,鎔接
接,皮膚炎
蝶,蝴蝶
丁,雇丁
丁,轎丁
丁,禿丁
丁,梧丁
丁,沃丁
丁,丁匠
正,正鵠
正,正軸體
定,定款
征,征夷大将軍
訂,訂訛
政,勤政勳章
政,政丞
政,悖政
庭,毬庭
情,抒情
情,煽情
情,情誼
停,停捧
淨,浄瑠璃
程,稽程
程,程曠
程,程頤
程,程顥
精,搗精
精,妖精
精,精髓
靜,靜粛
弟,舅弟
弟,弟嫂
制,制水弁
除,控除
除,駆除
提,菩提
製,製菓製
製,制詔
製,燻製
諸,昆諸
諸,棄諸垢
諸,諸葛巾
諸,諸葛菜
諸,諸狗趁後
諸,必顧瘋狗
諸,諸蕃志
諸,諸庇
諸,諸彦
諸,諸曹
題,背囊
題,謎題
弔,弔鐘
兆,兆朕
早,早晩間
祖,舅祖
祖,祖妣
條,蕭條
條,條痕
條,鐵條網
組,組踊
鳥,鳥瞰圖
鳥,駝鳥
造,鍛造
造,塑造
造,釀造
造,造菓
造,造詣
造,造型
造,本醸造
朝,朝餐
調,效用函數
調,調劑
調,戱弄調
潮,潮汐
操,操觚
操,操飭
操,亢燥
燥,燥痰
燥,焦燥
燥,亢燥
足,無足蠑蚖
足,無足蠑螈
足,纏足
足,駿足
足,洽足
族,眷族
族,野蠻族
族,族閥主義
族,族誅
尊,尊罍
尊,犧尊
拙,蹇拙
拙,乖拙
拙,九拙菴
拙,窘拙
拙,懶拙齋
拙,疎拙
拙,羞拙
拙,壅拙
拙,迂拙齋
拙,孱拙
拙,拙偈
拙,拙藁
拙,拙稾
拙,拙衲
拙,拙訥
拙,拙盜易擒體
拙,拙陋
拙,拙甫
拙,拙修齋
拙,拙庵
拙,拙鷰
拙,捽辱
拙,拙匠
拙,拙齋
拙,拙灘
拙,拙荊
拙,穉拙
拙,緻拙
拙,亢拙
終,終熄
從,姨從
從,從嫂
從,騶從
種,芒種
縱,擒而縱
縱,擒縱
縱,縱擒
縱,縱而擒
縱,縱軸
鍾,石之津氣
鍾,鍾聚成乳
鍾,滴溜成石
鍾,鍾聚
鍾,鐘乳石
左,左僕射
左,左阜傍
左,左丞
左,左承旨
佐,輔佐
座,預金計座
座,碩座
罪,騷擾罪
罪,贖罪
罪,冤罪
罪,罪悚
主,雇用主
主,藩主
主,主軸
朱,朱抹
朱,朱砂
朱,朱錫
朱,朱雀
朱,朱杖
朱,朱熹
走,走竄
走,滑走
注,恐怖症
周,周皮匠
柱,幢竿支柱
柱,刹柱
洲,濠洲
珠,瑤珠
珠,珠簾
珠,珠匠
株,雌雄同株
酒,高粱酒
酒,釀造酒
酒,二鍋頭酒
酒,蒸溜酒
酒,葡萄酒
酒,按酒
酒,酒煎子
酒,酒酊
晝,晝宵
鑄,鑄匠
鑄,鑄型
鑄,穿孔
竹,竹瀝
竹,竹筍
竹,竹茹
竹,竹槍
竹,夾竹桃
中,中尉
中,中樞
重,鄭重
重,線型化
重,重疊
症,厭症
症,合倂症
蒸,土甁蒸
蒸,蒸笼
蒸,蒸溜
增,增劫
增,增殖
贈,贈呈
證,證憑
止,沮止
止,止瀉劑
止,遮止
支,幢竿支柱
支,支撑
地,干潟地
地,垈地
地,敷地
地,盆地
地,奧地
地,駐屯地
地,地殼
地,荒蕪地
地,隕地
池,濃度差
池,池塘
知,僉知
枝,三枝钁
枝,三枝槍
枝,三枝鈀
枝,兩枝槍
枝,枝梢
持,矜持
指,斑指
紙,銀箔紙
紙,紙匣
紙,紙榜
智,膽智
智,叡智
直,强直
直,勁直
直,骾直
直,直升機
直,直喩法
直,直轄
職,瀆職
辰,日月盈昃
珍,珍嘉
陣,魔方陣
陣,陣歿
眞,眞贋
眞,眞猿類
陳,鋪陳
進,進壘
進,進陟
進,趨進
鎭,藩鎭
鎭,鎭撫
鎭,鎭咳祛痰劑
姪,甥姪
姪,姨姪
疾,癎疾
疾,疳疾
疾,痼疾
質,脂質
執,執賭
執,執拗
集,蒐集
集,集娼村
集,聚集
徵,徴收
懲,損害賠償
懲,膺懲
車,撒水車
車,貰車
車,靈柩車
車,駐車
車,車輛
車,車軸
茶,木瓜
茶,生薑
茶,蓴菜
茶,柚子
茶,人蔘
借,借款
捉,擒捉
着,撞着
察,診察
慘,慘歉
慘,慘憺
慘,慘澹
慘,慘慄
慘,慘鋒
慘,慘愕
慘,慘迹
慘,慘慽
慘,慘慼
慘,慘虐
慘,慘酷
慘,悽慘
慘,悖慘
倉,倉凜
窓,璃窓
唱,酬唱
唱,臚唱
唱,咏唱
唱,唱榜
唱,唱牓
唱,唱酬
唱,唱一謠達永宵
蒼,鬱蒼
採,採掘
債,倭債
債,邸債
債,債勒
冊,冊欌
責,譴責
責,誅責
責,詰責
策,復讐策
策,鞭策
處,措處
斥,竄斥
刺,盜壘刺
刺,刺戟
刺,刺繡
刺,諷刺
拓,東洋拓殖株式會社
千,禱千手大悲歌
千,千仞
川,川崎病
天,曇天
天,摩天樓
天,毘沙門天
天,天誅
天,天津飯
天,天竺
天,天軸
天,天秤
天,撐天
天,天丼
天,天滓
天,天麩羅
泉,間歇泉
鐵,鐵棒
鐵,鐵匠
鐵,鐵條網
鐵,鐵札
鐵,鐵柵
鐵,鐵槌
鐵,銑鐵
鐵,鬚鐵
鐵,佩鐵
尖,二尖瓣
添,添竄
靑,紺靑色
靑,瀝靑
靑,靑邱
靑,靑瓷
靑,靑磁
靑,靑軸
靑,靑葡萄
淸,瀝淸
淸,淸亮
淸,淸凉
請,請牒
請,請囑
請,請託
滯,澁滯
滯,淹滯
滯,挾滯
體,軀體
體,胴體
體,水晶體
體,屍體
體,掩體
體,璃體
體,體适
體,體軀
體,體型
體,被囊體
肖,酷肖
招,邀招
招,旌招
招,招壻
招,招邀
招,招人鐘
招,招擢
草,莎草
草,飼草
超,燕超齋
超,超入倭船
超,超強酸
超,超砥粒
超,超大型
超,超邁
超,超小型
超,超穎
超,超雌
超,超擢
超,夐超
觸,觸腕
村,僻村
村,市町村
村,集娼村
銃,痲醉銃
銃,銃筒
總,總括
總,總攬
總,總網羅
總,總剩餘
催,催畸形性
催,催淚劑
催,催産劑
催,催乳劑
催,催淫劑
催,催吐劑
抽,抽籤
秋,晩秋
追,追咎
追,追悼
推,推戴
推,漫畵
祝,祝傘壽
逐,竄逐
蓄,廩蓄
蓄,蘊蓄
蓄,蓄膿
蓄,扁蓄
縮,濃縮
縮,攣縮
縮,萎縮
縮,脊髓性
縮,欠縮
春,晩春
春,春蚓
春,春暉
充,充塡
蟲,昆蟲
蟲,括胎蟲
蟲,螟蟲
蟲,蟯蟲
蟲,爬蟲類
蟲,蛔蟲
取,喝取
取,搾取
取,取扱
取,騙取
醉,痲醉
趣,趣旨
側,側柏
測,臆測
層,皮膚
層,鍵層
層,繭層
層,灌木層
層,購買者層
層,白堊層
層,柏層
層,砂巖層
層,堰層
層,礫層
層,年齡層
層,鎔巖層
層,熔巖層
層,脂肪層
層,層巒
層,層盆
層,層棚
層,層榭
層,層霄
層,層崖
層,層厓
層,層底耳纓子
層,層梯
層,層疊
層,層函
層,層見疊出
層,堆石層
層,花崗巖層
治,治盜棍
治,治療
治,治癒
恥,羞恥
置,措置
齒,齧齒類
齒,齒疳
齒,齒莖
親,親子丼
沈,沈鬱
沈,沈澱
侵,侵擄
侵,侵蝕
浸,浸蝕
針,鉤針
針,棘針
針,網針
針,燔針
針,縫針
針,繡針
針,按針
針,秧針
針,倭針
針,以針釣鯉
針,磁針
針,釣針
針,蛭針
針,針囊
針,針烙
針,針箱
針,針蠅科
針,針艾
針,針篸
針,針匠
針,針晶
針,針綴
針,針錣子
針,針嘴魚
針,針筒
針,針闊
針,套管針
針,披針
稱,蔑稱
稱,丕稱
稱,藉稱
稱,僭稱
稱,稱頉
快,爽快
快,愉快
快,快癒
快,快擲
快,欣快
打,强打
打,毆打
打,打鍵
打,打撲
打,打診
墮,墮胎
濯,澡濯
濯,濯纓
濯,澣濯
炭,褐炭
炭,瀝靑炭
炭,燐酸經路
炭,炭酸
炭,炭蛋脂
炭,炭疽
誕,閎誕
誕,矜誕
誕,誕夸
誕,誕頒
誕,釋迦誕
誕,闊誕
彈,閃光彈
彈,手榴彈
彈,榴彈
彈,彈劾
脫,剝脫
脫,脫亞入歐
脫,脫脂
脫,逋脫
奪,劫奪
奪,剝奪
奪,簒奪
奪,奪胎
貪,貪嗜
貪,貪婪
貪,貪吝
探,偵探
探,探偵
塔,函數
塔,釋迦塔
湯,沐浴湯
湯,湯匙
湯,痲辣湯
湯,蔘鷄湯
湯,鰍魚湯
太,黄太
太,鼠目太
太,泡太
怠,倦怠
怠,懶怠
泰,泰齋
態,嬌態
擇,揀擇
吐,嘔吐
吐,吐瀉
兔,狡兔
通,融通性
通,通牒
痛,疼痛
痛,痛絵馬
痛,痛駁
投,投槍
投,投擲
投,投壺
透,滲透壓
鬪,鬪毆
鬪,鬪艦
特,特輯
把,鏜把
把,把握
波,電磁氣波
波,津波
波,波濤
波,波瀾
派,强硬派
派,穩健派
派,派閥
播,謄播
播,撒播
播,中播菹
播,播水壺
播,播蕩
罷,譴罷
板,揭示板
板,凹版
板,杖板
板,籌板
板,凸板
八,唐宋八大家
八,八百万
八,八卦
貝,二枚貝綱
貝,貝塚
片,片仮名
偏,偏僻
偏,偏隘
偏,偏倚
偏,偏狹
編,編輯
編,編纂
編,編綴
平,扁平
平,平穩
平,平坦
平,平行棒
平,平仮名
評,苛評
評,譏評
評,啄評
評,評估
評,評訾
評,酷評
肺,肺癌
幣,幣帛
廢,撤廢
廢,頹廢
廢,廢墟
廢,廢后
弊,袪弊
弊,蠲弊
弊,痼弊
弊,杜弊
弊,蠧弊
弊,謬弊
弊,貽弊
弊,滋弊
弊,糴弊
弊,凋弊
弊,彫弊
弊,弊衲
弊,弊廬
弊,弊瘼
蔽,掩蔽
蔽,遮蔽
包,栱包
包,拱包
包,小籠包
包,包莖
包,包括
包,包袋
包,包涵
布,昆布
布,撒布
布,瀑布
抱,蘊抱
抱,攄抱
抱,抱釀酒
抱,抱冤
抱,抱寃
抱,抱槍
胞,僑胞
胞,胎胞
胞,胞胎
捕,拿捕
捕,捕鯨
捕,捕虜
捕,捕縛
捕,捕繩
砲,巨艦巨砲主義
砲,電磁砲
砲,艦砲
砲,滑腔砲
暴,被曝
表,表彰
票,票姚校尉
漂,漂礫
漂,漂砂
標,標榜
品,骨董品
品,消耗品
品,壹品
品,貳品
品,肆品
風,强風
風,棋風
風,扇風機
風,逍風
風,颱風
風,風磬
風,風靡
風,風扇
風,風疹
風,風采
楓,楓嶽山
豊,豊饒
皮,剝皮
皮,周皮匠
皮,皮膚
皮,脂漏性
皮,皮脂
被,被囊
被,被拉
疲,倦疲
疲,厭疲
疲,孱疲
疲,早皺疲乎
疲,疲倦
疲,疲苶
疲,疲癃
疲,疲憊
疲,疲孱
疲,疲斃
疲,疲乏
避,避妊
避,避姙
匹,匹儔
筆,鼠鬚筆
筆,宸筆
筆,筆誅
筆,筆筒
下,舂杵難獲
下,貴杵臼
下,膝下
河,溯河
河,河畔
河,河蝕
夏,晩夏
荷,磁荷
賀,聳賀
學,粹學
學,奬學
學,電磁氣學
學,黜學
學,學齡
學,學閥
旱,旱魃
恨,恨嘆
限,函數
寒,祁寒
寒,峭寒
寒,酷寒
漢,癡漢
漢,漢奸
陷,陷穽
合,倂合
合,縫合
合,融合
合,綜合
合,聚合
合,合倂
合,合竹扇
抗,拮抗
抗,抗痙攣劑
抗,抗卞
抗,安劑
抗,抗癌
抗,抗禦
航,堪航認證
項,獐項嶺
港,港灣
港,港津
海,滄海
海,海溝
海,海蔘
海,海溢
海,海藻
海,海峽
害,貽害
解,溶解
解,融解
解,解雇
解,解剖
解,解弛
解,解錠術
核,核酸
核,核雨傘
核,核融合
幸,徼幸
幸,幸祐
享,享緑
香,焚香
香,麝香
香,瑞香
香,安息香酸
香,五香醬肉
香,薰香
鄕,鄕札
虛,虛憊
軒,戎軒
軒,軺軒
憲,拔萃
獻,獻呈
玄,水信玄餅
現,現札
縣,都道府県
顯,顯妣
穴,壙穴
穴,灸穴
穴,隙穴
穴,患至方竄
穴,求入鼠穴
血,瘀血
血,流頁
血,臍帶血
血,血漿
血,血栓
血,血痕
嫌,控嫌
嫌,銷刻之嫌
嫌,讎嫌
嫌,猜嫌
嫌,貳嫌
嫌,嫌隙
嫌,嫌謗
嫌,嫌澁
嫌,嫌猜
嫌,嫌礙
嫌,嫌厭
嫌,嫌嫉
嫌,嫌逼
協,協辦
協,蹴球
形,畸形
螢,蛋白質
衡,銓衡
戶,江戸
好,嗜好
虎,爲狼爲虎
虎,虎狼
呼,喚呼
胡,胡椒
湖,潟湖
湖,鹹水湖
湖,湖畔
湖,湖沼
號,諡號
號,號俸
豪,豪奢
豪,豪宕
護,庇護
護,掩護
惑,魅惑
惑,眩惑
昏,眩昏
昏,昏昧
昏,昏窒
昏,昏蕩
婚,强婚
婚,晩婚
婚,婚齡
混,混沌
混,混淆
魂,寃魂
魂,魂魄
魂,魂喪魄褫
紅,紅生薑
紅,紅巾賊
紅,紅斑
紅,紅柿
紅,紅塵
火,烽火
火,噴火口
火,鬱火
火,火焰
化,强化
化,孵化
化,璃化
化,化膿
花,棉花
花,花魁
花,薔花紅蓮傳
花,杏花
花,花崗巖
花,花盆
花,花煎
花,花卉
和,融和
和,和菓子
華,華僑
貨,円貨
話,寓話
禍,釀禍
穫,刈穫
穫,芸穫
穫,耘穫
丸,睾丸
丸,南煎丸子
還,酸化
環,環恐怖症
活,活潑
皇,皇太后
皇,皇后
皇,皇穹宇
荒,荒蕪地
黃,硫黃
黃,二酸化黃
黃,黃酸
黃,黃巾賊
黃,黃疸
黃,黃壚
黃,黃砂
灰,硅灰石
灰,灰褐色
回,挽回
回,撤回
回,回游
悔,懺悔
懷,懐石
懷,懷姙
橫,橫膈膜
橫,橫軸
孝,孝悌
曉,曉諭
曉,曉鐘
曉,曉鍾羹
侯,松滋侯
厚,濃厚
厚,厚樸
厚,厚貺
訓,訓詁學
毁,訾毁
毁,貶毁
毁,毁謗
揮,揮巾
休,休憩
休,休診
凶,頤命
凶,趙泰采
胸,胸腺
黑,黑巾
黑,黑鍵
黑,黑狼
興,勃興
興,興渠
稀,稀罕
稀,稀闊
戲,手搏戲
戲,絜河戲
